doc_idn;link;periodo_produccion;fecha_ingreso
6291599;http://mt.colmena.cl:3176/notifEnvioMailRest/public/documento/6291599;2026-02-01;2026-02-11
6291608;http://mt.colmena.cl:3176/notifEnvioMailRest/public/documento/6291608;2026-02-01;2026-02-11
6291628;http://mt.colmena.cl:3176/notifEnvioMailRest/public/documento/6291628;2026-02-01;2026-02-11
6291630;http://mt.colmena.cl:3176/notifEnvioMailRest/public/documento/6291630;2026-02-01;2026-02-11
6291631;http://mt.colmena.cl:3176/notifEnvioMailRest/public/documento/6291631;2026-02-01;2026-02-11
6291636;http://mt.colmena.cl:3176/notifEnvioMailRest/public/documento/6291636;2026-02-01;2026-02-11
6291706;http://mt.colmena.cl:3176/notifEnvioMailRest/public/documento/6291706;2026-02-01;2026-02-11
6291710;http://mt.colmena.cl:3176/notifEnvioMailRest/public/documento/6291710;2026-02-01;2026-02-11
6291711;http://mt.colmena.cl:3176/notifEnvioMailRest/public/documento/6291711;2026-02-01;2026-02-11
6291719;http://mt.colmena.cl:3176/notifEnvioMailRest/public/documento/6291719;2026-02-01;2026-02-11
6291746;http://mt.colmena.cl:3176/notifEnvioMailRest/public/documento/6291746;2026-02-01;2026-02-11
6291796;http://mt.colmena.cl:3176/notifEnvioMailRest/public/documento/6291796;2026-02-01;2026-02-11
6291805;http://mt.colmena.cl:3176/notifEnvioMailRest/public/documento/6291805;2026-02-01;2026-02-11
6291817;http://mt.colmena.cl:3176/notifEnvioMailRest/public/documento/6291817;2026-02-01;2026-02-11
6291820;http://mt.colmena.cl:3176/notifEnvioMailRest/public/documento/6291820;2026-02-01;2026-02-11
6291843;http://mt.colmena.cl:3176/notifEnvioMailRest/public/documento/6291843;2026-02-01;2026-02-11
6291902;http://mt.colmena.cl:3176/notifEnvioMailRest/public/documento/6291902;2026-02-01;2026-02-11
6291918;http://mt.colmena.cl:3176/notifEnvioMailRest/public/documento/6291918;2026-02-01;2026-02-11
6291920;http://mt.colmena.cl:3176/notifEnvioMailRest/public/documento/6291920;2026-02-01;2026-02-11
6291945;http://mt.colmena.cl:3176/notifEnvioMailRest/public/documento/6291945;2026-02-01;2026-02-11
6291975;http://mt.colmena.cl:3176/notifEnvioMailRest/public/documento/6291975;2026-02-01;2026-02-11
6291981;http://mt.colmena.cl:3176/notifEnvioMailRest/public/documento/6291981;2026-02-01;2026-02-11
6291990;http://mt.colmena.cl:3176/notifEnvioMailRest/public/documento/6291990;2026-02-01;2026-02-11
6291995;http://mt.colmena.cl:3176/notifEnvioMailRest/public/documento/6291995;2026-02-01;2026-02-11
6292018;http://mt.colmena.cl:3176/notifEnvioMailRest/public/documento/6292018;2026-02-01;2026-02-12
6292019;http://mt.colmena.cl:3176/notifEnvioMailRest/public/documento/6292019;2026-02-01;2026-02-12
6292119;http://mt.colmena.cl:3176/notifEnvioMailRest/public/documento/6292119;2026-02-01;2026-02-12
6292140;http://mt.colmena.cl:3176/notifEnvioMailRest/public/documento/6292140;2026-02-01;2026-02-12
6292144;http://mt.colmena.cl:3176/notifEnvioMailRest/public/documento/6292144;2026-02-01;2026-02-12
6292148;http://mt.colmena.cl:3176/notifEnvioMailRest/public/documento/6292148;2026-02-01;2026-02-12
6292153;http://mt.colmena.cl:3176/notifEnvioMailRest/public/documento/6292153;2026-02-01;2026-02-12
6292191;http://mt.colmena.cl:3176/notifEnvioMailRest/public/documento/6292191;2026-02-01;2026-02-12
6292203;http://mt.colmena.cl:3176/notifEnvioMailRest/public/documento/6292203;2026-02-01;2026-02-12
6292220;http://mt.colmena.cl:3176/notifEnvioMailRest/public/documento/6292220;2026-02-01;2026-02-12
6292316;http://mt.colmena.cl:3176/notifEnvioMailRest/public/documento/6292316;2026-02-01;2026-02-12
6292325;http://mt.colmena.cl:3176/notifEnvioMailRest/public/documento/6292325;2026-02-01;2026-02-12
6292332;http://mt.colmena.cl:3176/notifEnvioMailRest/public/documento/6292332;2026-02-01;2026-02-12
6292335;http://mt.colmena.cl:3176/notifEnvioMailRest/public/documento/6292335;2026-02-01;2026-02-12
6292338;http://mt.colmena.cl:3176/notifEnvioMailRest/public/documento/6292338;2026-02-01;2026-02-12
6292342;http://mt.colmena.cl:3176/notifEnvioMailRest/public/documento/6292342;2026-02-01;2026-02-12
6292381;http://mt.colmena.cl:3176/notifEnvioMailRest/public/documento/6292381;2026-02-01;2026-02-12
6292405;http://mt.colmena.cl:3176/notifEnvioMailRest/public/documento/6292405;2026-02-01;2026-02-12
6292412;http://mt.colmena.cl:3176/notifEnvioMailRest/public/documento/6292412;2026-02-01;2026-02-12
6292454;http://mt.colmena.cl:3176/notifEnvioMailRest/public/documento/6292454;2026-02-01;2026-02-12
6292513;http://mt.colmena.cl:3176/notifEnvioMailRest/public/documento/6292513;2026-02-01;2026-02-12
6292533;http://mt.colmena.cl:3176/notifEnvioMailRest/public/documento/6292533;2026-02-01;2026-02-12
6292534;http://mt.colmena.cl:3176/notifEnvioMailRest/public/documento/6292534;2026-02-01;2026-02-12
6292535;http://mt.colmena.cl:3176/notifEnvioMailRest/public/documento/6292535;2026-02-01;2026-02-12
6292582;http://mt.colmena.cl:3176/notifEnvioMailRest/public/documento/6292582;2026-02-01;2026-02-12
6292592;http://mt.colmena.cl:3176/notifEnvioMailRest/public/documento/6292592;2026-02-01;2026-02-12
6292596;http://mt.colmena.cl:3176/notifEnvioMailRest/public/documento/6292596;2026-02-01;2026-02-12
6292599;http://mt.colmena.cl:3176/notifEnvioMailRest/public/documento/6292599;2026-02-01;2026-02-12
6292600;http://mt.colmena.cl:3176/notifEnvioMailRest/public/documento/6292600;2026-02-01;2026-02-12
6292603;http://mt.colmena.cl:3176/notifEnvioMailRest/public/documento/6292603;2026-02-01;2026-02-12
6292608;http://mt.colmena.cl:3176/notifEnvioMailRest/public/documento/6292608;2026-02-01;2026-02-12
6292614;http://mt.colmena.cl:3176/notifEnvioMailRest/public/documento/6292614;2026-02-01;2026-02-12
6292680;http://mt.colmena.cl:3176/notifEnvioMailRest/public/documento/6292680;2026-02-01;2026-02-12
6292695;http://mt.colmena.cl:3176/notifEnvioMailRest/public/documento/6292695;2026-02-01;2026-02-12
6292707;http://mt.colmena.cl:3176/notifEnvioMailRest/public/documento/6292707;2026-02-01;2026-02-12
6292734;http://mt.colmena.cl:3176/notifEnvioMailRest/public/documento/6292734;2026-02-01;2026-02-12
6292764;http://mt.colmena.cl:3176/notifEnvioMailRest/public/documento/6292764;2026-02-01;2026-02-12
6292804;http://mt.colmena.cl:3176/notifEnvioMailRest/public/documento/6292804;2026-02-01;2026-02-12
6292812;http://mt.colmena.cl:3176/notifEnvioMailRest/public/documento/6292812;2026-02-01;2026-02-12
6292851;http://mt.colmena.cl:3176/notifEnvioMailRest/public/documento/6292851;2026-02-01;2026-02-12
6292946;http://mt.colmena.cl:3176/notifEnvioMailRest/public/documento/6292946;2026-02-01;2026-02-12
6292960;http://mt.colmena.cl:3176/notifEnvioMailRest/public/documento/6292960;2026-02-01;2026-02-12
6292986;http://mt.colmena.cl:3176/notifEnvioMailRest/public/documento/6292986;2026-02-01;2026-02-12
6292987;http://mt.colmena.cl:3176/notifEnvioMailRest/public/documento/6292987;2026-02-01;2026-02-12
6293114;http://mt.colmena.cl:3176/notifEnvioMailRest/public/documento/6293114;2026-02-01;2026-02-12
6293128;http://mt.colmena.cl:3176/notifEnvioMailRest/public/documento/6293128;2026-02-01;2026-02-12
6293163;http://mt.colmena.cl:3176/notifEnvioMailRest/public/documento/6293163;2026-02-01;2026-02-12
6293170;http://mt.colmena.cl:3176/notifEnvioMailRest/public/documento/6293170;2026-02-01;2026-02-12
6293173;http://mt.colmena.cl:3176/notifEnvioMailRest/public/documento/6293173;2026-02-01;2026-02-12
6293174;http://mt.colmena.cl:3176/notifEnvioMailRest/public/documento/6293174;2026-02-01;2026-02-12
6293254;http://mt.colmena.cl:3176/notifEnvioMailRest/public/documento/6293254;2026-02-01;2026-02-12
6293313;http://mt.colmena.cl:3176/notifEnvioMailRest/public/documento/6293313;2026-02-01;2026-02-12
6293443;http://mt.colmena.cl:3176/notifEnvioMailRest/public/documento/6293443;2026-02-01;2026-02-12
6293474;http://mt.colmena.cl:3176/notifEnvioMailRest/public/documento/6293474;2026-02-01;2026-02-12
6293478;http://mt.colmena.cl:3176/notifEnvioMailRest/public/documento/6293478;2026-02-01;2026-02-12
6293529;http://mt.colmena.cl:3176/notifEnvioMailRest/public/documento/6293529;2026-02-01;2026-02-12
6293567;http://mt.colmena.cl:3176/notifEnvioMailRest/public/documento/6293567;2026-02-01;2026-02-12
6293634;http://mt.colmena.cl:3176/notifEnvioMailRest/public/documento/6293634;2026-02-01;2026-02-12
6293640;http://mt.colmena.cl:3176/notifEnvioMailRest/public/documento/6293640;2026-02-01;2026-02-12
6293652;http://mt.colmena.cl:3176/notifEnvioMailRest/public/documento/6293652;2026-02-01;2026-02-12
6293706;http://mt.colmena.cl:3176/notifEnvioMailRest/public/documento/6293706;2026-02-01;2026-02-12
6293785;http://mt.colmena.cl:3176/notifEnvioMailRest/public/documento/6293785;2026-02-01;2026-02-12
6293791;http://mt.colmena.cl:3176/notifEnvioMailRest/public/documento/6293791;2026-02-01;2026-02-12
6293796;http://mt.colmena.cl:3176/notifEnvioMailRest/public/documento/6293796;2026-02-01;2026-02-12
6293798;http://mt.colmena.cl:3176/notifEnvioMailRest/public/documento/6293798;2026-02-01;2026-02-12
6293816;http://mt.colmena.cl:3176/notifEnvioMailRest/public/documento/6293816;2026-02-01;2026-02-12
6293876;http://mt.colmena.cl:3176/notifEnvioMailRest/public/documento/6293876;2026-02-01;2026-02-12
6293878;http://mt.colmena.cl:3176/notifEnvioMailRest/public/documento/6293878;2026-02-01;2026-02-12
6293933;http://mt.colmena.cl:3176/notifEnvioMailRest/public/documento/6293933;2026-02-01;2026-02-12
6293961;http://mt.colmena.cl:3176/notifEnvioMailRest/public/documento/6293961;2026-02-01;2026-02-12
6293982;http://mt.colmena.cl:3176/notifEnvioMailRest/public/documento/6293982;2026-02-01;2026-02-12
6294029;http://mt.colmena.cl:3176/notifEnvioMailRest/public/documento/6294029;2026-02-01;2026-02-12
6294032;http://mt.colmena.cl:3176/notifEnvioMailRest/public/documento/6294032;2026-02-01;2026-02-12
6294151;http://mt.colmena.cl:3176/notifEnvioMailRest/public/documento/6294151;2026-02-01;2026-02-12
6294184;http://mt.colmena.cl:3176/notifEnvioMailRest/public/documento/6294184;2026-02-01;2026-02-12
6294193;http://mt.colmena.cl:3176/notifEnvioMailRest/public/documento/6294193;2026-02-01;2026-02-12
6294194;http://mt.colmena.cl:3176/notifEnvioMailRest/public/documento/6294194;2026-02-01;2026-02-12
6294198;http://mt.colmena.cl:3176/notifEnvioMailRest/public/documento/6294198;2026-02-01;2026-02-12
6294569;http://mt.colmena.cl:3176/notifEnvioMailRest/public/documento/6294569;2026-02-01;2026-02-12
6294623;http://mt.colmena.cl:3176/notifEnvioMailRest/public/documento/6294623;2026-02-01;2026-02-12
6294650;http://mt.colmena.cl:3176/notifEnvioMailRest/public/documento/6294650;2026-02-01;2026-02-12
6294652;http://mt.colmena.cl:3176/notifEnvioMailRest/public/documento/6294652;2026-02-01;2026-02-12
6294656;http://mt.colmena.cl:3176/notifEnvioMailRest/public/documento/6294656;2026-02-01;2026-02-12
6294791;http://mt.colmena.cl:3176/notifEnvioMailRest/public/documento/6294791;2026-02-01;2026-02-12
6294834;http://mt.colmena.cl:3176/notifEnvioMailRest/public/documento/6294834;2026-02-01;2026-02-12
6294882;http://mt.colmena.cl:3176/notifEnvioMailRest/public/documento/6294882;2026-02-01;2026-02-12
6295004;http://mt.colmena.cl:3176/notifEnvioMailRest/public/documento/6295004;2026-02-01;2026-02-12
6295037;http://mt.colmena.cl:3176/notifEnvioMailRest/public/documento/6295037;2026-02-01;2026-02-12
6295049;http://mt.colmena.cl:3176/notifEnvioMailRest/public/documento/6295049;2026-02-01;2026-02-12
6295075;http://mt.colmena.cl:3176/notifEnvioMailRest/public/documento/6295075;2026-02-01;2026-02-12
6295078;http://mt.colmena.cl:3176/notifEnvioMailRest/public/documento/6295078;2026-02-01;2026-02-12
6295079;http://mt.colmena.cl:3176/notifEnvioMailRest/public/documento/6295079;2026-02-01;2026-02-12
6295116;http://mt.colmena.cl:3176/notifEnvioMailRest/public/documento/6295116;2026-02-01;2026-02-12
6295204;http://mt.colmena.cl:3176/notifEnvioMailRest/public/documento/6295204;2026-02-01;2026-02-12
6295206;http://mt.colmena.cl:3176/notifEnvioMailRest/public/documento/6295206;2026-02-01;2026-02-12
6295207;http://mt.colmena.cl:3176/notifEnvioMailRest/public/documento/6295207;2026-02-01;2026-02-12
6295222;http://mt.colmena.cl:3176/notifEnvioMailRest/public/documento/6295222;2026-02-01;2026-02-12
6295246;http://mt.colmena.cl:3176/notifEnvioMailRest/public/documento/6295246;2026-02-01;2026-02-12
6295278;http://mt.colmena.cl:3176/notifEnvioMailRest/public/documento/6295278;2026-02-01;2026-02-12
6295290;http://mt.colmena.cl:3176/notifEnvioMailRest/public/documento/6295290;2026-02-01;2026-02-12
6295294;http://mt.colmena.cl:3176/notifEnvioMailRest/public/documento/6295294;2026-02-01;2026-02-12
6295341;http://mt.colmena.cl:3176/notifEnvioMailRest/public/documento/6295341;2026-02-01;2026-02-12
6295378;http://mt.colmena.cl:3176/notifEnvioMailRest/public/documento/6295378;2026-02-01;2026-02-12
6295404;http://mt.colmena.cl:3176/notifEnvioMailRest/public/documento/6295404;2026-02-01;2026-02-12
6295447;http://mt.colmena.cl:3176/notifEnvioMailRest/public/documento/6295447;2026-02-01;2026-02-12
6295511;http://mt.colmena.cl:3176/notifEnvioMailRest/public/documento/6295511;2026-02-01;2026-02-12
6295518;http://mt.colmena.cl:3176/notifEnvioMailRest/public/documento/6295518;2026-02-01;2026-02-12
6295526;http://mt.colmena.cl:3176/notifEnvioMailRest/public/documento/6295526;2026-02-01;2026-02-12
6295540;http://mt.colmena.cl:3176/notifEnvioMailRest/public/documento/6295540;2026-02-01;2026-02-12
6295541;http://mt.colmena.cl:3176/notifEnvioMailRest/public/documento/6295541;2026-02-01;2026-02-12
6295543;http://mt.colmena.cl:3176/notifEnvioMailRest/public/documento/6295543;2026-02-01;2026-02-12
6295567;http://mt.colmena.cl:3176/notifEnvioMailRest/public/documento/6295567;2026-02-01;2026-02-12
6295602;http://mt.colmena.cl:3176/notifEnvioMailRest/public/documento/6295602;2026-02-01;2026-02-12
6295642;http://mt.colmena.cl:3176/notifEnvioMailRest/public/documento/6295642;2026-02-01;2026-02-13
6295699;http://mt.colmena.cl:3176/notifEnvioMailRest/public/documento/6295699;2026-02-01;2026-02-13
6295770;http://mt.colmena.cl:3176/notifEnvioMailRest/public/documento/6295770;2026-02-01;2026-02-13
6295771;http://mt.colmena.cl:3176/notifEnvioMailRest/public/documento/6295771;2026-02-01;2026-02-13
6295777;http://mt.colmena.cl:3176/notifEnvioMailRest/public/documento/6295777;2026-02-01;2026-02-13
6295793;http://mt.colmena.cl:3176/notifEnvioMailRest/public/documento/6295793;2026-02-01;2026-02-13
6295806;http://mt.colmena.cl:3176/notifEnvioMailRest/public/documento/6295806;2026-02-01;2026-02-13
6295815;http://mt.colmena.cl:3176/notifEnvioMailRest/public/documento/6295815;2026-02-01;2026-02-13
6295816;http://mt.colmena.cl:3176/notifEnvioMailRest/public/documento/6295816;2026-02-01;2026-02-13
6295831;http://mt.colmena.cl:3176/notifEnvioMailRest/public/documento/6295831;2026-02-01;2026-02-13
6295845;http://mt.colmena.cl:3176/notifEnvioMailRest/public/documento/6295845;2026-02-01;2026-02-13
6295882;http://mt.colmena.cl:3176/notifEnvioMailRest/public/documento/6295882;2026-02-01;2026-02-13
6295903;http://mt.colmena.cl:3176/notifEnvioMailRest/public/documento/6295903;2026-02-01;2026-02-13
6295921;http://mt.colmena.cl:3176/notifEnvioMailRest/public/documento/6295921;2026-02-01;2026-02-13
6295929;http://mt.colmena.cl:3176/notifEnvioMailRest/public/documento/6295929;2026-02-01;2026-02-13
6295940;http://mt.colmena.cl:3176/notifEnvioMailRest/public/documento/6295940;2026-02-01;2026-02-13
6295958;http://mt.colmena.cl:3176/notifEnvioMailRest/public/documento/6295958;2026-02-01;2026-02-13
6295992;http://mt.colmena.cl:3176/notifEnvioMailRest/public/documento/6295992;2026-02-01;2026-02-13
6296010;http://mt.colmena.cl:3176/notifEnvioMailRest/public/documento/6296010;2026-02-01;2026-02-13
6296028;http://mt.colmena.cl:3176/notifEnvioMailRest/public/documento/6296028;2026-02-01;2026-02-13
6296074;http://mt.colmena.cl:3176/notifEnvioMailRest/public/documento/6296074;2026-02-01;2026-02-13
6296136;http://mt.colmena.cl:3176/notifEnvioMailRest/public/documento/6296136;2026-02-01;2026-02-13
6296138;http://mt.colmena.cl:3176/notifEnvioMailRest/public/documento/6296138;2026-02-01;2026-02-13
6296141;http://mt.colmena.cl:3176/notifEnvioMailRest/public/documento/6296141;2026-02-01;2026-02-13
6296163;http://mt.colmena.cl:3176/notifEnvioMailRest/public/documento/6296163;2026-02-01;2026-02-13
6296164;http://mt.colmena.cl:3176/notifEnvioMailRest/public/documento/6296164;2026-02-01;2026-02-13
6296195;http://mt.colmena.cl:3176/notifEnvioMailRest/public/documento/6296195;2026-02-01;2026-02-13
6296223;http://mt.colmena.cl:3176/notifEnvioMailRest/public/documento/6296223;2026-02-01;2026-02-13
6296225;http://mt.colmena.cl:3176/notifEnvioMailRest/public/documento/6296225;2026-02-01;2026-02-13
6296232;http://mt.colmena.cl:3176/notifEnvioMailRest/public/documento/6296232;2026-02-01;2026-02-13
6296277;http://mt.colmena.cl:3176/notifEnvioMailRest/public/documento/6296277;2026-02-01;2026-02-13
6296328;http://mt.colmena.cl:3176/notifEnvioMailRest/public/documento/6296328;2026-02-01;2026-02-13
6296371;http://mt.colmena.cl:3176/notifEnvioMailRest/public/documento/6296371;2026-02-01;2026-02-13
6296421;http://mt.colmena.cl:3176/notifEnvioMailRest/public/documento/6296421;2026-02-01;2026-02-13
6296428;http://mt.colmena.cl:3176/notifEnvioMailRest/public/documento/6296428;2026-02-01;2026-02-13
6296431;http://mt.colmena.cl:3176/notifEnvioMailRest/public/documento/6296431;2026-02-01;2026-02-13
6296441;http://mt.colmena.cl:3176/notifEnvioMailRest/public/documento/6296441;2026-02-01;2026-02-13
6296490;http://mt.colmena.cl:3176/notifEnvioMailRest/public/documento/6296490;2026-02-01;2026-02-13
6296517;http://mt.colmena.cl:3176/notifEnvioMailRest/public/documento/6296517;2026-02-01;2026-02-13
6296532;http://mt.colmena.cl:3176/notifEnvioMailRest/public/documento/6296532;2026-02-01;2026-02-13
6296641;http://mt.colmena.cl:3176/notifEnvioMailRest/public/documento/6296641;2026-02-01;2026-02-13
6296668;http://mt.colmena.cl:3176/notifEnvioMailRest/public/documento/6296668;2026-02-01;2026-02-13
6296746;http://mt.colmena.cl:3176/notifEnvioMailRest/public/documento/6296746;2026-02-01;2026-02-13
6296766;http://mt.colmena.cl:3176/notifEnvioMailRest/public/documento/6296766;2026-02-01;2026-02-13
6296792;http://mt.colmena.cl:3176/notifEnvioMailRest/public/documento/6296792;2026-02-01;2026-02-13
6296815;http://mt.colmena.cl:3176/notifEnvioMailRest/public/documento/6296815;2026-02-01;2026-02-13
6296877;http://mt.colmena.cl:3176/notifEnvioMailRest/public/documento/6296877;2026-02-01;2026-02-13
6297000;http://mt.colmena.cl:3176/notifEnvioMailRest/public/documento/6297000;2026-02-01;2026-02-13
6297092;http://mt.colmena.cl:3176/notifEnvioMailRest/public/documento/6297092;2026-02-01;2026-02-13
6297121;http://mt.colmena.cl:3176/notifEnvioMailRest/public/documento/6297121;2026-02-01;2026-02-13
6297141;http://mt.colmena.cl:3176/notifEnvioMailRest/public/documento/6297141;2026-02-01;2026-02-13
6297153;http://mt.colmena.cl:3176/notifEnvioMailRest/public/documento/6297153;2026-02-01;2026-02-13
6297163;http://mt.colmena.cl:3176/notifEnvioMailRest/public/documento/6297163;2026-01-01;2026-02-13
6297164;http://mt.colmena.cl:3176/notifEnvioMailRest/public/documento/6297164;2026-01-01;2026-02-13
6297178;http://mt.colmena.cl:3176/notifEnvioMailRest/public/documento/6297178;2026-01-01;2026-02-13
6297229;http://mt.colmena.cl:3176/notifEnvioMailRest/public/documento/6297229;2026-02-01;2026-02-13
6297327;http://mt.colmena.cl:3176/notifEnvioMailRest/public/documento/6297327;2026-02-01;2026-02-13
6297386;http://mt.colmena.cl:3176/notifEnvioMailRest/public/documento/6297386;2026-02-01;2026-02-13
6297388;http://mt.colmena.cl:3176/notifEnvioMailRest/public/documento/6297388;2026-02-01;2026-02-13
6297419;http://mt.colmena.cl:3176/notifEnvioMailRest/public/documento/6297419;2026-02-01;2026-02-13
6297433;http://mt.colmena.cl:3176/notifEnvioMailRest/public/documento/6297433;2026-02-01;2026-02-13
6297472;http://mt.colmena.cl:3176/notifEnvioMailRest/public/documento/6297472;2026-02-01;2026-02-13
6297563;http://mt.colmena.cl:3176/notifEnvioMailRest/public/documento/6297563;2026-02-01;2026-02-13
6297590;http://mt.colmena.cl:3176/notifEnvioMailRest/public/documento/6297590;2025-12-01;2026-02-13
6297607;http://mt.colmena.cl:3176/notifEnvioMailRest/public/documento/6297607;2026-02-01;2026-02-13
6297625;http://mt.colmena.cl:3176/notifEnvioMailRest/public/documento/6297625;2026-02-01;2026-02-13
6297627;http://mt.colmena.cl:3176/notifEnvioMailRest/public/documento/6297627;2026-02-01;2026-02-13
6297650;http://mt.colmena.cl:3176/notifEnvioMailRest/public/documento/6297650;2026-02-01;2026-02-13
6297654;http://mt.colmena.cl:3176/notifEnvioMailRest/public/documento/6297654;2026-02-01;2026-02-13
6297697;http://mt.colmena.cl:3176/notifEnvioMailRest/public/documento/6297697;2025-12-01;2026-02-13
6297709;http://mt.colmena.cl:3176/notifEnvioMailRest/public/documento/6297709;2026-02-01;2026-02-13
6297719;http://mt.colmena.cl:3176/notifEnvioMailRest/public/documento/6297719;2025-10-01;2026-02-13
6297766;http://mt.colmena.cl:3176/notifEnvioMailRest/public/documento/6297766;2025-08-01;2026-02-13
6297767;http://mt.colmena.cl:3176/notifEnvioMailRest/public/documento/6297767;2026-02-01;2026-02-13
6297773;http://mt.colmena.cl:3176/notifEnvioMailRest/public/documento/6297773;2026-02-01;2026-02-13
6297786;http://mt.colmena.cl:3176/notifEnvioMailRest/public/documento/6297786;2026-02-01;2026-02-13
6297873;http://mt.colmena.cl:3176/notifEnvioMailRest/public/documento/6297873;2026-02-01;2026-02-13
6297999;http://mt.colmena.cl:3176/notifEnvioMailRest/public/documento/6297999;2026-02-01;2026-02-13
6298001;http://mt.colmena.cl:3176/notifEnvioMailRest/public/documento/6298001;2026-02-01;2026-02-13
6298041;http://mt.colmena.cl:3176/notifEnvioMailRest/public/documento/6298041;2026-02-01;2026-02-13
6298076;http://mt.colmena.cl:3176/notifEnvioMailRest/public/documento/6298076;2026-02-01;2026-02-13
6298104;http://mt.colmena.cl:3176/notifEnvioMailRest/public/documento/6298104;2026-02-01;2026-02-13
6298107;http://mt.colmena.cl:3176/notifEnvioMailRest/public/documento/6298107;2026-02-01;2026-02-13
6298167;http://mt.colmena.cl:3176/notifEnvioMailRest/public/documento/6298167;2026-02-01;2026-02-13
6298202;http://mt.colmena.cl:3176/notifEnvioMailRest/public/documento/6298202;2026-02-01;2026-02-13
6298212;http://mt.colmena.cl:3176/notifEnvioMailRest/public/documento/6298212;2026-02-01;2026-02-13
6298262;http://mt.colmena.cl:3176/notifEnvioMailRest/public/documento/6298262;2026-02-01;2026-02-13
6298279;http://mt.colmena.cl:3176/notifEnvioMailRest/public/documento/6298279;2026-02-01;2026-02-13
6298349;http://mt.colmena.cl:3176/notifEnvioMailRest/public/documento/6298349;2026-02-01;2026-02-13
6298350;http://mt.colmena.cl:3176/notifEnvioMailRest/public/documento/6298350;2026-02-01;2026-02-13
6298406;http://mt.colmena.cl:3176/notifEnvioMailRest/public/documento/6298406;2026-02-01;2026-02-13
6298419;http://mt.colmena.cl:3176/notifEnvioMailRest/public/documento/6298419;2026-02-01;2026-02-13
6298563;http://mt.colmena.cl:3176/notifEnvioMailRest/public/documento/6298563;2026-02-01;2026-02-13
6298566;http://mt.colmena.cl:3176/notifEnvioMailRest/public/documento/6298566;2026-02-01;2026-02-13
6298573;http://mt.colmena.cl:3176/notifEnvioMailRest/public/documento/6298573;2026-02-01;2026-02-13
6298589;http://mt.colmena.cl:3176/notifEnvioMailRest/public/documento/6298589;2026-02-01;2026-02-13
6298616;http://mt.colmena.cl:3176/notifEnvioMailRest/public/documento/6298616;2026-02-01;2026-02-13
6298680;http://mt.colmena.cl:3176/notifEnvioMailRest/public/documento/6298680;2026-02-01;2026-02-13
6298681;http://mt.colmena.cl:3176/notifEnvioMailRest/public/documento/6298681;2026-02-01;2026-02-13
6298712;http://mt.colmena.cl:3176/notifEnvioMailRest/public/documento/6298712;2026-02-01;2026-02-13
6298734;http://mt.colmena.cl:3176/notifEnvioMailRest/public/documento/6298734;2026-02-01;2026-02-13
6298742;http://mt.colmena.cl:3176/notifEnvioMailRest/public/documento/6298742;2026-02-01;2026-02-13
6298811;http://mt.colmena.cl:3176/notifEnvioMailRest/public/documento/6298811;2026-02-01;2026-02-13
